<?xml version="1.0" encoding="UTF-8"?>
<launch4jConfig>
  <dontWrapJar>false</dontWrapJar>
  <headerType>console</headerType>
  <jar>D:\00_miji\01_eclipse_workspace\Lanch4j\Kiosk_v.0.6.jar</jar>
  <outfile>D:\00_miji\01_eclipse_workspace\Lanch4j\Kiosk_v.0.6.exe</outfile>
  <errTitle></errTitle>
  <cmdLine></cmdLine>
  <chdir>.</chdir>
  <priority>normal</priority>
  <downloadUrl></downloadUrl>
  <supportUrl></supportUrl>
  <stayAlive>false</stayAlive>
  <restartOnCrash>false</restartOnCrash>
  <manifest></manifest>
  <icon></icon>
  <classPath>
    <mainClass>com.cre.kiosk.system.Main</mainClass>
    <cp>.</cp>
  </classPath>
  <jre>
    <path>%JAVA_HOME%;%PATH%</path>
    <requiresJdk>false</requiresJdk>
    <requires64Bit>false</requires64Bit>
    <minVersion>1.11.0</minVersion>
    <maxVersion></maxVersion>
  </jre>
</launch4jConfig>